stores,url
VAPE IT STORE II,https://jportal.mdcourts.gov/license/pbLicenseDetail.jsp?owi=wHYJYrZ4Jl0%3D
VAPE IT STORE I,https://jportal.mdcourts.gov/license/pbLicenseDetail.jsp?owi=z5icXfFdDJM%3D
VAPEPAD THE,https://jportal.mdcourts.gov/license/pbLicenseDetail.jsp?owi=1x9FWcM4FtA%3D
VAPE FROG,
VAPE FROG,
VAPE LOFT THE,https://jportal.mdcourts.gov/license/pbLicenseDetail.jsp?owi=ySR%2Fg2G%2BQ1s%3D
VAPE N CIGAR,https://jportal.mdcourts.gov/license/pbLicenseDetail.jsp?owi=2nfkPkWxPO8%3D
VAPE DOJO,https://jportal.mdcourts.gov/license/pbLicenseDetail.jsp?owi=Kbs6EoQNlVg%3D
VAPE HAVEN,
VAPORS LOUNGE,
VAPORFI SOUTHSIDE,https://jportal.mdcourts.gov/license/pbLicenseDetail.jsp?owi=wuOSUN2R8fA%3D
VAPE DO JO,https://jportal.mdcourts.gov/license/pbLicenseDetail.jsp?owi=ZAimNsMiZ6A%3D
VAPERTETMD,
VAPERTEKMD,https://jportal.mdcourts.gov/license/pbLicenseDetail.jsp?owi=g19P%2B0PT2Lg%3D
VAPORIOT,
VAPE PLUS,https://jportal.mdcourts.gov/license/pbLicenseDetail.jsp?owi=sIluSBbGTUc%3D
VAPE SOCIAL,https://jportal.mdcourts.gov/license/pbLicenseDetail.jsp?owi=doI5PsLxWc0%3D
VAPE JUNGLE,https://jportal.mdcourts.gov/license/pbLicenseDetail.jsp?owi=4inVX0B5QXs%3D
VAPE TIME,
VAPEBAR EXPESS,
VAPEWERKS,https://jportal.mdcourts.gov/license/pbLicenseDetail.jsp?owi=ttwW1XsnJds%3D
VAPIST MD,https://jportal.mdcourts.gov/license/pbLicenseDetail.jsp?owi=qqJZxUgOVqY%3D
VAPOR 99,
VAPOR ALLEY,https://jportal.mdcourts.gov/license/pbLicenseDetail.jsp?owi=N1ZTSBds8iA%3D
VAPOR EMPORIUM,https://jportal.mdcourts.gov/license/pbLicenseDetail.jsp?owi=j%2FUyW%2Bvo7Wg%3D
VAPOR VILLA,https://jportal.mdcourts.gov/license/pbLicenseDetail.jsp?owi=7CZwp3YjTMU%3D
VAPOR VILLA,https://jportal.mdcourts.gov/license/pbLicenseDetail.jsp?owi=VO8v9PkDWlI%3D
VAPORS LOUNGE,https://jportal.mdcourts.gov/license/pbLicenseDetail.jsp?owi=qvNNrx%2BOhQg%3D
VAPE DOJO,https://jportal.mdcourts.gov/license/pbLicenseDetail.jsp?owi=cKCa%2BPW3rW4%3D
VAPE DOJO,https://jportal.mdcourts.gov/license/pbLicenseDetail.jsp?owi=CyjtbiA0YII%3D
VAPE DOJO,https://jportal.mdcourts.gov/license/pbLicenseDetail.jsp?owi=gmau2mwq3s4%3D
VAPE DOJO,https://jportal.mdcourts.gov/license/pbLicenseDetail.jsp?owi=YBVwroAtMmI%3D
VAPEZ YARDHOUSE,
VAPERS RING,https://jportal.mdcourts.gov/license/pbLicenseDetail.jsp?owi=Z8GejcH1vms%3D
